Tree,N,Mediana tempo (s)
BST,1000,8.515000331499323e-07
BST,1097,9.31500039769162e-07
BST,1204,1.099499968404416e-06
BST,1321,1.2904999948659679e-06
BST,1450,1.0880000331781048e-06
BST,1592,1.1854999684146605e-06
BST,1747,1.1364999750185234e-06
BST,1917,1.1014999472536147e-06
BST,2104,1.3069999909021135e-06
BST,2310,1.0514999644328782e-06
BST,2535,9.839999961513968e-07
BST,2782,1.265500031877309e-06
BST,3053,1.0295000265614362e-06
BST,3351,1.2735000041175226e-06
BST,3678,1.2890000107290689e-06
BST,4037,1.3150000199857459e-06
BST,4430,1.0905000067396031e-06
BST,4862,1.0089999591400556e-06
BST,5336,1.0759999895526562e-06
BST,5857,1.2130000186516554e-06
BST,6428,1.3050000120529148e-06
BST,7054,1.1815000107162632e-06
BST,7742,1.1550000067472865e-06
BST,8497,1.214999997500854e-06
BST,9326,1.3415000239547226e-06
BST,10235,9.729999987939664e-07
BST,11233,1.0840000186362886e-06
BST,12328,1.2460000107239466e-06
BST,13530,1.1624999842752004e-06
BST,14849,1.0504999750082789e-06
BST,16297,1.1474999723759538e-06
BST,17886,9.324999723503424e-07
BST,19630,1.1520000384734885e-06
BST,21544,1.1360000371496426e-06
BST,23644,1.1499999459374521e-06
BST,25950,1.08200003978709e-06
BST,28480,1.1954999763474916e-06
BST,31257,1.077500030532974e-06
BST,34304,1.239500022620632e-06
BST,37649,1.3565000358539692e-06
BST,41320,1.255500023944478e-06
BST,45348,1.0434999921926646e-06
BST,49770,1.0754999948403565e-06
BST,54622,1.1019999988093332e-06
BST,59948,1.2374999869280146e-06
BST,65793,1.1594999591579835e-06
BST,72208,1.200500037157326e-06
BST,79248,1.1640000252555183e-06
BST,86974,1.2255000001459848e-06
BST,95454,1.1899999776687764e-06
BST,104761,1.2335000292296172e-06
BST,114975,1.4865000252939353e-06
BST,126185,1.0665000331755436e-06
BST,138488,1.0865000490412058e-06
BST,151991,1.2739999988298223e-06
BST,166810,1.5704999896115623e-06
BST,183073,1.4995000015005644e-06
BST,200923,1.1640000252555183e-06
BST,220513,1.5374999975392711e-06
BST,242012,1.4049999776943878e-06
BST,265608,1.4569999962077418e-06
BST,291505,1.5139999618440925e-06
BST,319926,1.6050000226641714e-06
BST,351119,1.3980000517221924e-06
BST,385352,1.4930000133972499e-06
BST,422924,1.3160000094103452e-06
BST,464158,1.5475000054721022e-06
BST,509413,1.5809999354132742e-06
BST,559081,1.6985000002023298e-06
BST,613590,1.442000041151914e-06
BST,673415,1.6400000504290801e-06
BST,739072,1.7774999605535413e-06
BST,811130,1.8724999790720176e-06
BST,890215,1.5290000874301768e-06
BST,977009,1.7959999922823044e-06
BST,1072267,1.708500008135161e-06
BST,1176811,1.5445000371983042e-06
BST,1291549,1.8294999790668953e-06
BST,1417474,1.4185000054567354e-06
BST,1555676,1.6454999922643765e-06
BST,1707352,2.0385000425449107e-06
BST,1873817,1.4585001508748974e-06
BST,2056512,2.287000029355113e-06
BST,2257019,2.0425001139301457e-06
BST,2477076,1.8294999790668953e-06
BST,2718588,2.43900001350994e-06
BST,2983647,2.116499899784685e-06
BST,3274549,1.7314998785877833e-06
BST,3593813,1.922000137710711e-06
BST,3944206,1.8544999420555541e-06
BST,4328761,2.042500000243308e-06
BST,4750810,1.8215000636701006e-06
BST,5214008,1.9799999790848233e-06
BST,5722367,1.9774997781496495e-06
BST,6280291,2.1020000531279948e-06
BST,6892612,2.0174998098809738e-06
BST,7564633,1.8569999156170525e-06
BST,8302175,2.162500095437281e-06
BST,9111627,2.1670002752216533e-06
BST,10000000,2.8439994821383152e-06
AVL,1000,6.944499943983828e-06
AVL,1097,1.1754500008009927e-05
AVL,1204,7.427500008816423e-06
AVL,1321,7.255500008795934e-06
AVL,1450,7.184999958553817e-06
AVL,1592,9.052999985215138e-06
AVL,1747,7.772000003569701e-06
AVL,1917,8.839999964038725e-06
AVL,2104,7.854999978462729e-06
AVL,2310,8.15900006045922e-06
AVL,2535,7.426500019391824e-06
AVL,2782,8.349999973233935e-06
AVL,3053,7.692999986375071e-06
AVL,3351,7.896499994330952e-06
AVL,3678,7.744500010176125e-06
AVL,4037,8.342499995706021e-06
AVL,4430,8.248000028743263e-06
AVL,4862,7.76349997977377e-06
AVL,5336,7.5545000299825915e-06
AVL,5857,8.223499946780066e-06
AVL,6428,9.19749999184205e-06
AVL,7054,8.797000020877022e-06
AVL,7742,7.890999995652237e-06
AVL,8497,8.30800001949683e-06
AVL,9326,7.958000026064838e-06
AVL,10235,8.318499965298543e-06
AVL,11233,8.938500002386718e-06
AVL,12328,7.353000000875909e-06
AVL,13530,8.19500002080531e-06
AVL,14849,8.49100001687475e-06
AVL,16297,8.60649998912777e-06
AVL,17886,1.0789999976168474e-05
AVL,19630,8.199500030059426e-06
AVL,21544,8.460000003651658e-06
AVL,23644,8.908999973300524e-06
AVL,25950,8.21800000494477e-06
AVL,28480,8.489499975894432e-06
AVL,31257,9.379499999795371e-06
AVL,34304,9.596499978670181e-06
AVL,37649,8.590499987803923e-06
AVL,41320,9.487499994520476e-06
AVL,45348,9.465499999805616e-06
AVL,49770,8.249500012880162e-06
AVL,54622,8.659999934934604e-06
AVL,59948,1.0037000038209953e-05
AVL,65793,9.181999985230505e-06
AVL,72208,8.578500001021894e-06
AVL,79248,9.319500009041803e-06
AVL,86974,8.60599999441547e-06
AVL,95454,9.024999997109262e-06
AVL,104761,1.0477499984062888e-05
AVL,114975,1.011149993246363e-05
AVL,126185,8.659000002353423e-06
AVL,138488,1.0359499924561533e-05
AVL,151991,1.0350500019740139e-05
AVL,166810,1.20580000384507e-05
AVL,183073,1.177300003973869e-05
AVL,200923,1.2158000004092173e-05
AVL,220513,1.0890499993365665e-05
AVL,242012,1.1313499953757855e-05
AVL,265608,1.1937500005387847e-05
AVL,291505,1.1841499997444771e-05
AVL,319926,1.1822499971003708e-05
AVL,351119,1.2602999959199224e-05
AVL,385352,1.2954499993611535e-05
AVL,422924,1.236600007814559e-05
AVL,464158,1.2928000046485977e-05
AVL,509413,1.306199999362434e-05
AVL,559081,1.4148999980534427e-05
AVL,613590,1.6966999965006835e-05
AVL,673415,1.5435000022989698e-05
AVL,739072,1.55690000838149e-05
AVL,811130,1.627699998607568e-05
AVL,890215,1.8672000010155898e-05
AVL,977009,1.732499993067904e-05
AVL,1072267,2.1680500026377558e-05
AVL,1176811,1.763050011049927e-05
AVL,1291549,1.8844000010176387e-05
AVL,1417474,1.4893000070514972e-05
AVL,1555676,2.6150000053348776e-05
AVL,1707352,2.3369000018647057e-05
AVL,1873817,1.9071499991696328e-05
AVL,2056512,2.4148000079549092e-05
AVL,2257019,2.6645499929145444e-05
AVL,2477076,4.372300008981256e-05
AVL,2718588,3.1001000252217636e-05
AVL,2983647,3.003500000886561e-05
AVL,3274549,4.3123000068590045e-05
AVL,3593813,3.754899989871774e-05
AVL,3944206,3.480049986137601e-05
AVL,4328761,3.6810499977946165e-05
AVL,4750810,3.5521999961929396e-05
AVL,5214008,3.815499985648785e-05
AVL,5722367,3.891699998348486e-05
AVL,6280291,3.943799993066932e-05
AVL,6892612,3.5522999951353995e-05
AVL,7564633,3.750399991986342e-05
AVL,8302175,3.7265499940986047e-05
AVL,9111627,3.454550005699275e-05
AVL,10000000,3.557800027920166e-05
RBT,1000,1.5154999459809915e-06
RBT,1097,3.0730000162293436e-06
RBT,1204,1.6540000160603086e-06
RBT,1321,1.692500006811315e-06
RBT,1450,2.366499984418624e-06
RBT,1592,1.8609999870022875e-06
RBT,1747,2.2965000425756443e-06
RBT,1917,2.762500059816375e-06
RBT,2104,1.825500021368498e-06
RBT,2310,2.2314999910122424e-06
RBT,2535,1.8475000160833588e-06
RBT,2782,2.2600000306738366e-06
RBT,3053,1.7455000147492683e-06
RBT,3351,1.7264999883082055e-06
RBT,3678,2.3929999883876008e-06
RBT,4037,2.295999991019926e-06
RBT,4430,1.6875000028448994e-06
RBT,4862,1.899499977753294e-06
RBT,5336,2.4789999883978453e-06
RBT,5857,1.6865000134203e-06
RBT,6428,1.7669999579084106e-06
RBT,7054,1.7639999896346126e-06
RBT,7742,2.2040000544620852e-06
RBT,8497,2.5740000637597404e-06
RBT,9326,1.8349999777456105e-06
RBT,10235,1.7405000107828528e-06
RBT,11233,1.8684999645302014e-06
RBT,12328,2.3430000055668643e-06
RBT,13530,2.272500012168166e-06
RBT,14849,2.026499998919462e-06
RBT,16297,1.7405000107828528e-06
RBT,17886,1.6015000596780737e-06
RBT,19630,1.6139999843289843e-06
RBT,21544,2.606500004276313e-06
RBT,23644,1.8974999420606764e-06
RBT,25950,1.586999985647708e-06
RBT,28480,2.570499987086805e-06
RBT,31257,2.099000028010778e-06
RBT,34304,1.997999959257868e-06
RBT,37649,2.2400000148081745e-06
RBT,41320,2.3670000359743426e-06
RBT,45348,2.352499961943977e-06
RBT,49770,2.030999951330159e-06
RBT,54622,1.9940000015594705e-06
RBT,59948,2.1514999843930127e-06
RBT,65793,2.0810000478377333e-06
RBT,72208,2.536000010877615e-06
RBT,79248,2.9259999791975133e-06
RBT,86974,2.13050003594617e-06
RBT,95454,2.2214999830794113e-06
RBT,104761,2.163999965887342e-06
RBT,114975,2.1949999791104347e-06
RBT,126185,2.502500024093024e-06
RBT,138488,3.3814999937931134e-06
RBT,151991,3.920499977994041e-06
RBT,166810,2.618499934214924e-06
RBT,183073,4.645999979402404e-06
RBT,200923,4.488499996568862e-06
RBT,220513,2.7055000373366056e-06
RBT,242012,2.5319999963357986e-06
RBT,265608,2.806499935559259e-06
RBT,291505,4.516999922543619e-06
RBT,319926,2.8314999553913367e-06
RBT,351119,5.552000004627189e-06
RBT,385352,3.0905000016900885e-06
RBT,422924,3.1790000321052503e-06
RBT,464158,5.781999959708628e-06
RBT,509413,3.432499966038449e-06
RBT,559081,2.904999973907252e-06
RBT,613590,4.644499995265505e-06
RBT,673415,3.069499939556408e-06
RBT,739072,3.6750000163010554e-06
RBT,811130,5.437500021798769e-06
RBT,890215,4.031000003124063e-06
RBT,977009,4.1034999185285415e-06
RBT,1072267,3.612000000430271e-06
RBT,1176811,4.0644998762218165e-06
RBT,1291549,5.193499987399264e-06
RBT,1417474,5.365500101106591e-06
RBT,1555676,4.378999960863439e-06
RBT,1707352,4.1104999581875745e-06
RBT,1873817,8.934999982557201e-06
RBT,2056512,4.476999947655713e-06
RBT,2257019,8.638499934932042e-06
RBT,2477076,8.121000064420514e-06
RBT,2718588,8.064499979809625e-06
RBT,2983647,6.088000191084575e-06
RBT,3274549,8.830500064505031e-06
RBT,3593813,1.0358500048823771e-05
RBT,3944206,6.068000175218913e-06
RBT,4328761,1.1553999911484425e-05
RBT,4750810,7.28200006960833e-06
RBT,5214008,1.1410999832150992e-05
RBT,5722367,8.874500053934753e-06
RBT,6280291,6.389499958459055e-06
RBT,6892612,9.245000001101289e-06
RBT,7564633,5.008000243833521e-06
RBT,8302175,9.781500011740718e-06
RBT,9111627,7.959999948070617e-06
RBT,10000000,5.90150011703372e-06
